Round Robin,,Preemptive
"PID","Burst","Priority","Arrival","Start","Finish","Wait","Response","Turnaround"
201,8,2,20,20,27,0,0,8
202,66,3,83,83,338,190,0,256
203,92,4,104,113,1326,1131,9,1223
204,93,2,134,143,1613,1387,9,1480
205,46,2,139,153,484,300,14,346
206,71,2,185,203,1337,1082,18,1153
207,44,3,191,213,627,393,22,437
208,38,5,213,223,512,262,10,300
209,62,5,227,233,1062,774,6,836
210,88,5,292,323,1925,1546,31,1634
211,81,9,358,419,2178,1740,61,1821
212,70,2,367,429,1643,1207,62,1277
213,82,4,404,439,2180,1695,35,1777
214,62,4,423,449,1655,1171,26,1233
215,1,4,492,573,573,81,81,82
216,70,4,551,574,1955,1335,23,1405
217,72,8,552,584,2182,1559,32,1631
218,45,6,612,708,1680,1024,96,1069
219,26,2,613,718,1148,510,105,536
220,81,1,673,728,2543,1790,55,1871
221,52,1,687,738,1977,1239,51,1291
222,87,0,695,748,2550,1769,53,1856
223,62,1,721,758,2204,1422,37,1484
224,50,4,745,768,1730,936,23,986
225,93,0,767,778,2671,1812,11,1905
226,95,9,798,978,2771,1879,180,1974
227,36,7,834,988,1756,887,154,923
228,60,6,883,998,2234,1292,115,1352
229,75,2,906,1008,2575,1595,102,1670
230,13,7,935,1018,1251,304,83,317
231,3,9,969,1028,1030,59,59,62
232,91,4,1032,1252,2836,1714,220,1805
233,46,1,1068,1262,2260,1147,194,1193
234,89,4,1082,1272,2790,1620,190,1709
235,68,3,1121,1282,2603,1415,161,1483
236,63,1,1141,1292,2606,1403,151,1466
237,3,8,1205,1302,1304,97,97,100
238,11,2,1255,1305,1568,303,50,314
239,19,3,1305,1315,1577,254,10,273
240,79,8,1347,1578,2799,1374,231,1453
241,65,7,1414,1588,2716,1238,174,1303
242,92,2,1458,1598,2868,1319,140,1411
243,3,7,1486,1608,1610,122,122,125
244,22,8,1554,1857,2322,747,303,769
245,99,7,1623,1867,2897,1176,244,1275
246,69,4,1654,1877,2828,1106,223,1175
247,1,6,1676,1887,1887,211,211,212
248,67,6,1683,1888,2835,1086,205,1153
249,42,5,1733,1898,2668,894,165,936
250,85,1,1758,1908,2912,1070,150,1155
,,,,,,,,
,,,,,Min,0,0,8
,,,,,Mean,1013.34,96.08,1070.10
,,,,,Max,1879,303,1974
,,,,,StdDev,1440.83,80.49,1451.29
