Round Robin,Priority,Preemptive
"PID","Burst","Priority","Arrival","Start","Finish","Wait","Response","Turnaround"
201,8,2,20,20,27,0,0,8
202,66,3,83,83,148,0,0,66
203,92,4,104,149,2218,2023,45,2115
204,93,2,134,209,2231,2005,75,2098
205,46,2,139,289,334,150,150,196
206,71,2,185,335,405,150,150,221
207,44,3,191,406,449,215,215,259
208,38,5,213,450,487,237,237,275
209,62,5,227,488,2243,1955,261,2017
210,88,5,292,538,2281,1902,246,1990
211,81,9,358,588,2897,2459,230,2540
212,70,2,367,598,667,231,231,301
213,82,4,404,668,2313,1828,264,1910
214,62,4,423,728,2315,1831,305,1893
215,1,4,492,788,788,296,296,297
216,70,4,551,789,2325,1705,238,1775
217,72,8,552,849,2778,2155,297,2227
218,45,6,612,869,2350,1694,257,1739
219,26,2,613,909,934,296,296,322
220,81,1,673,935,1015,262,262,343
221,52,1,687,1016,1067,329,329,381
222,87,0,695,1068,1154,373,373,460
223,62,1,721,1155,1216,434,434,496
224,50,4,745,1217,1266,472,472,522
225,93,0,767,1267,1359,500,500,593
226,95,9,798,1360,2912,2020,562,2115
227,36,7,834,1370,2366,1497,536,1533
228,60,6,883,1400,2386,1444,517,1504
229,75,2,906,1440,1514,534,534,609
230,13,7,935,1515,1527,580,580,593
231,3,9,969,1528,1530,559,559,562
232,91,4,1032,1531,2417,1295,499,1386
233,46,1,1068,1591,1636,523,523,569
234,89,4,1082,1637,2446,1276,555,1365
235,68,3,1121,1697,1764,576,576,644
236,63,1,1141,1765,1827,624,624,687
237,3,8,1205,1828,1830,623,623,626
238,11,2,1255,1831,1841,576,576,587
239,19,3,1305,1842,1860,537,537,556
240,79,8,1347,1861,2807,1382,514,1461
241,65,7,1414,1881,2641,1163,467,1228
242,92,2,1458,1911,2508,959,453,1051
243,3,7,1486,1991,1993,505,505,508
244,22,8,1554,1994,2510,935,440,957
245,99,7,1623,2014,2836,1115,391,1214
246,69,4,1654,2044,2549,827,390,896
247,1,6,1676,2104,2104,428,428,429
248,67,6,1683,2105,2576,827,422,894
249,42,5,1733,2145,2186,412,412,454
250,85,1,1758,2672,2756,914,914,999
,,,,,,,,
,,,,,Min,0,0,8
,,,,,Mean,912.66,386.00,969.42
,,,,,Max,2459,914,2540
,,,,,StdDev,672.78,182.84,1491.76
